{
  "Location_ID": 2336240,
  "fecha": "2025-06-10",
  "pH": 0.3790424722765272,
  "E_coli": 170.94825859736358,
  "Coliformes_totales": 452.7410811986533,
  "Turbidez": 2.3158245807864213,
  "Nitratos": 0.7190337917458149,
  "Fosfatos": 0.1531624166704012,
  "DBO5": 3.82357352275224,
  "Solidos_suspendidos": 13.237443814510591
}
